key,Album Title,Artist,Release Date,Total Times (s)
0,In The Wee Small Hours,Frank Sinatra,1955,2998.0
1,Elvis Presley,Elvis Presley,1956,1699.0
2,Ellington at Newport '56,Duke Ellington,1956,4083.0
3,Songs For Swingin' Lovers,Frank Sinatra,1956,2687.0
4,Tragic Songs Of Life,The Louvin Brothers,1956,2164.0
5,The Wildest,Louis Prima,1956,2519.0
6,This is Fats Domino!,Fats Domino,1956,1631.0
7,Birth of the Cool,Miles Davis,1957,1958.0
8,Brilliant Corners,Thelonious Monk,1957,2570.0
9,Here's Little Richard,Little Richard,1957,1710.0
10,Kenya,Machito,1957,2144.0
11,Palo Congo,Sabu,1957,2451.0
12,The 'Chirping' Crickets,The Crickets,1957,1559.0
13,The Atomic Mr Basie,Count Basie,1958,2377.0
14,Dance Mania,Tito Puente,1958,2293.0
15,Jack Takes the Floor,Ramblin' Jack Elliott,1958,2635.0
16,Lady in Satin,Billie Holiday,1958,2676.0
17,Live at Mister Kelly's,Sarah Vaughan,1958,4360.0
18,George Gershwin Songbook,Ella Fitzgerald,1959,11700.0
19,Gunfighter Ballads And Trail Songs,Marty Robbins,1959,2647.0
20,Kind of Blue,Miles Davis,1959,2745.0
21,The Genius of Ray Charles,Ray Charles,1959,2312.0
22,Time Out,Dave Brubeck Quartet,1959,2300.0
23,A Date with the Everly Brothers,The Everly Bothers,1960,1668.0
24,Elvis is Back!,Elvis Presley,1960,1906.0
25,Joan Baez,Joan Baez,1960,3326.0
26,Miriam Makeba,Miriam Makeba,1960,2145.0
27,Muddy Waters at Newport,Muddy Waters,1960,2681.0
28,Back at the Chicken Shack,Jimmy Smith,1961,2628.0
29,Sunday at the Village Vanguard,Bill Evans,1961,2523.0
30,Green Onions,Booker T & The MGs,1962,2114.0
31,Jazz Samba,Stan Getz/Charlie Byrd,1962,1982.0
32,Modern Sounds In Country And Western Music,Ray Charles,1962,2373.0
33,The Freewheelin' Bob Dylan,Bob Dylan,1963,2970.0
34,A Christmas Gift To You,Phil Spector,1963,2060.0
35,Live at the Apollo,James Brown,1963,1893.0
36,Live At The Harlem Square Club,Sam Cooke,1963,2193.0
37,Night Life,Ray Price,1963,2228.0
38,The Black Saint and the Sinner Lady,Charles Mingus,1963,2365.0
39,With The Beatles,The Beatles,1963,1983.0
40,Getz/Gilberto,Stan Getz/Joao Gilberto,1964,2026.0
41,A Hard Day's Night,The Beatles,1964,1811.0
42,Olympia '64,Jacques Brel,1964,1698.0
43,Rock & Soul,Solomon Burke,1964,2105.0
44,A Girl Called Dusty,Dusty Springfield,1964,1974.0
45,The Rolling Stones,The Rolling Stones,1964,1976.0
46,I've Got A Tiger By The Tail,Buck Owens,1965,1699.0
47,"Live At The Star Club, Hamburg",Jerry Lee Lewis,1965,2222.0
48,Here Are The Sonics,The Sonics,1965,1760.0
49,Bringing It All Back Home,Bob Dylan,1965,2814.0
50,Otis Blue,Otis Redding,1965,1970.0
51,Today!,The Beach Boys,1965,1735.0
52,A Love Supreme,John Coltrane,1965,1966.0
53,Live At The Regal,BB King,1965,2100.0
54,Rubber Soul,The Beatles,1965,2132.0
55,Bert Jansch,Bert Jansch,1965,2305.0
56,Mr Tambourine Man,The Byrds,1965,1845.0
57,Highway 61 Revisited,Bob Dylan,1965,3065.0
58,My Generation,The Who,1965,2173.0
59,Revolver,The Beatles,1966,2085.0
60,Pet Sounds,The Beach Boys,1966,2241.0
61,Fred Neil,Fred Neil,1966,2339.0
62,Fifth Dimension,The Byrds,1966,1799.0
63,Blonde On Blonde,Bob Dylan,1966,4320.0
64,Black Monk Time,The Monks,1966,1681.0
65,Face to Face,The Kinks,1966,2311.0
66,Mamas And The Papas,Mamas And The Papas,1966,2096.0
67,Midnight Ride,Paul Revere and the Raiders,1966,1658.0
68,Freak Out!,Frank Zappa and the Mothers of Invention,1966,3600.0
69,Aftermath,The Rolling Stones,1966,3192.0
70,"Parsley, Sage, Rosemary and Thyme",Simon & Garfunkel,1966,1686.0
71,The Psychedelic Sounds of the 13th Floor Elevators,The 13th Floor Elevators,1966,2143.0
72,Bluesbreakers with Eric Clapton,John Mayall's Bluesbreakers,1966,2226.0
73,Yardbirds,The Yardbirds,1966,2152.0
74,Wild is the Wind,Nina Simone,1966,2325.0
75,Beach Samba,Astrud Gilberto,1967,1658.0
76,Chelsea Girl,Nico,1967,2708.0
77,Sgt Pepper's Lonely Hearts Club Band,The Beatles,1967,2395.0
78,Electric Music For The Mind And Body,Country Joe And The Fish,1967,2643.0
79,Buffalo Springfield Again,Buffalo Springfield,1967,2042.0
80,Safe As Milk,Captain Beefheart and His Magic Band,1967,2020.0
81,Moby Grape,Moby Grape,1967,1991.0
82,Da Capo,Love,1967,2154.0
83,Triangle,The Beau Brummels,1967,1734.0
84,Headquarters,The Monkees,1967,1852.0
85,Goodbye And Hello,Tim Buckley,1967,2590.0
86,Forever Changes,Love,1967,2570.0
87,Disraeli Gears,Cream,1967,1986.0
88,The Piper at the Gates of Dawn,Pink Floyd,1967,2516.0
89,The Who Sell Out,The Who,1967,2326.0
90,The Velvet Underground & Nico,The Velvet Underground,1967,2937.0
91,Francis Albert Sinatra & Antonio Carlos Jobim,Francis Albert Sinatra & Antonio Carlos Jobim,1967,1685.0
92,The Doors,The Doors,1967,2651.0
93,Younger Than Yesterday,The Byrds,1967,1707.0
94,Groovin',The Young Rascals,1967,2074.0
95,Surrealistic Pillow,Jefferson Airplane,1967,2020.0
96,Something Else by The Kinks,The Kinks,1967,2177.0
97,Sunshine Superman,Donovan,1967,2579.0
98,I'm A Lonesome Fugitive,Merle Haggard,1967,1865.0
99,Are You Experienced?,The Jimi Hendrix Experience,1967,2407.0
100,I Had Too Much to Dream Last Night,The Electric Prunes,1967,1790.0
101,Don't Come Home A-Drinkin',Loretta Lynn,1967,1708.0
102,The Call of the Valley,Shivkumar Sharma/Brijbushan Kabra/Hariprasad Chaurasia,1967,2386.0
103,White Light/White Heat,The Velvet Underground,1967,2418.0
104,Axis: Bold As Love,The Jimi Hendrix Experience,1967,2357.0
105,I Never Loved a Man the Way That I Love You,Aretha Franklin,1967,1971.0
106,Beggars Banquet,The Rolling Stones,1968,2388.0
107,Traffic,Traffic,1968,2424.0
108,The Hangman's Beautiful Daughter,The Incredible String Band,1968,2950.0
109,Village Green Preservation Society,The Kinks,1968,2326.0
110,The Sounds of India,Ravi Shankar,1968,3202.0
111,Os Mutantes,Os Mutantes,1968,2190.0
112,Electric Ladyland,The Jimi Hendrix Experience,1968,4500.0
113,Songs Of Leonard Cohen,Leonard Cohen,1968,2494.0
114,Johnny Cash at Folsom Prison,Johnny Cash,1968,2725.0
115,Eli And The Thirteenth Confession,Laura Nyro,1968,2775.0
116,Aretha: Lady Soul,Aretha Franklin,1968,1721.0
117,Vincebus Eruptum,Blue Cheer,1968,1927.0
118,The Notorious Byrd Brothers,The Byrds,1968,1708.0
119,Cheap Thrills,Big Brother and the Holding Company,1968,2231.0
120,The United States Of America,The United States Of America,1968,2227.0
121,Gris Gris,Dr John,1968,2000.0
122,In-a-gadda-da-vida,Iron Butterfly,1968,2170.0
123,SF Sorrow,The Pretty Things,1968,2459.0
124,Bookends,Simon & Garfunkel,1968,1767.0
125,Ogden's Nut Gone Flake,The Small Faces,1968,2307.0
126,Music from Big Pink,The Band,1968,2477.0
127,Truth,Jeff Beck Group,1968,2416.0
128,Caetano Veloso,Caetano Veloso,1968,2096.0
129,Scott 2,Scott Walker,1968,2604.0
130,Odessey And Oracle,The Zombies,1968,2110.0
131,Astral Weeks,Van Morrison,1968,2832.0
132,Sweetheart Of The Rodeo,The Byrds,1968,1955.0
133,The Beatles (White Album),The Beatles,1968,5613.0
134,We're Only in it for the Money,The Mothers of Invention,1968,2360.0
135,Everybody Knows This Is Nowhere,Neil Young,1969,2431.0
136,Trout Mask Replica,Captain Beefheart and His Magic Band,1969,4737.0
137,Bayou Country,Creedence Clearwater Revival,1969,2045.0
138,"Crosby, Stills And Nash","Crosby, Stills And Nash",1969,2452.0
139,"Blood, Sweat And Tears","Blood, Sweat And Tears",1969,2726.0
140,The Gilded Palace of Sin,The Flying Burrito Brothers,1969,2222.0
141,Johnny Cash at San Quentin,Johnny Cash,1969,2045.0
142,Green River,Creedence Clearwater Revival,1969,1760.0
143,Abbey Road,The Beatles,1969,2849.0
144,Tommy,The Who,1969,4440.0
145,In A Silent Way,Miles Davis,1969,2287.0
146,Odessa,The Bee Gees,1969,3829.0
147,Basket Of Light,Pentangle,1969,2464.0
148,Let It Bleed,The Rolling Stones,1969,2543.0
149,Five Leaves Left,Nick Drake,1969,2477.0
150,Dusty in Memphis,Dusty Springfield,1969,1955.0
151,From Elvis in Memphis,Elvis Presley,1969,2202.0
152,The Velvet Underground,The Velvet Underground,1969,2633.0
153,Happy Trails,Quicksilver Messenger Service,1969,3016.0
154,Led Zeppelin I,Led Zeppelin,1969,2680.0
155,The Band,The Band,1969,2618.0
156,Led Zeppelin II,Led Zeppelin,1969,2497.0
157,Kick Out The Jams,The MC5,1969,2398.0
158,Cloud Nine,The Temptations,1969,2109.0
159,Stand!,Sly & The Family Stone,1969,2487.0
160,Happy Sad,Tim Buckley,1969,2700.0
161,Chicago Transit Authority,Chicago,1969,0.0
162,Unhalfbricking,Fairport Convention,1969,0.0
163,Elephant Mountain,The Youngbloods,1969,0.0
164,Hot Buttered Soul,Isaac Hayes,1969,0.0
165,Live/Dead,The Grateful Dead,1969,0.0
166,Arthur - Or the decline and fall of the british empire,The Kinks,1969,0.0
167,In The Court of the Crimson King,King Crimson,1969,0.0
168,Songs From A Room,Leonard Cohen,1969,0.0
169,Liege And Lief,Fairport Convention,1969,0.0
170,Scott 4,Scott Walker,1969,0.0
171,The Stooges,The Stooges,1969,0.0
172,Oar,Alexander 'Skip' Spence,1969,0.0
173,Hot Rats,Frank Zappa,1969,0.0
174,Abraxas,Santana,1970,0.0
175,After The Goldrush,Neil Young,1970,2012.0
176,All Things Must Pass,George Harrison,1970,0.0
177,American Beauty,The Grateful Dead,1970,0.0
178,Ananda Shankar,Ananda Shankar,1970,0.0
179,Bitches Brew,Miles Davis,1970,0.0
180,Black Sabbath,Black Sabbath,1970,0.0
181,Bridge Over Troubled Water,Simon & Garfunkel,1970,0.0
182,Bryter Later,Nick Drake,1970,0.0
183,Close To You,The Carpenters,1970,0.0
184,Deep Purple in Rock,Deep Purple,1970,0.0
185,Déjà Vu,"Crosby, Stills, Nash & Young",1970,0.0
186,Fun House,Iggy Pop & The Stooges,1970,0.0
187,Gasoline Alley,Rod Stewart,1970,0.0
188,John Barleycorn Must Die,Traffic,1970,0.0
189,John Lennon/Plastic Ono Band,John Lennon,1970,0.0
190,Layla And Other Assorted Lovesongs,Derek And The Dominos,1970,0.0
191,Led Zeppelin III,Led Zeppelin,1970,2588.0
192,Live at Leeds,The Who,1970,0.0
193,McCartney,McCartney,1970,0.0
194,Moondance,Van Morrison,1970,2334.0
195,Morrison Hotel,The Doors,1970,0.0
196,Paranoid,Black Sabbath,1970,0.0
197,Stephen Stills,Stephen Stills,1970,0.0
198,Sweet Baby James,James Taylor,1970,0.0
199,Tea for the Tillerman,Cat Stevens,1970,0.0
200,The Madcap Laughs,Syd Barrett,1970,0.0
201,Third,Soft Machine,1970,0.0
202,Twelve Dreams of Doctor Sardonicus,Spirit,1970,0.0
203,A Nod's As Good As Wink,The Faces,1971,0.0
204,American Pie,Don McLean,1971,0.0
205,Aqualung,Jethro Tull,1971,0.0
206,Blue,Joni Mitchell,1971,2175.0
207,Coat Of Many Colors,Dolly Parton,1971,0.0
208,Cosmo's Factory,Creedence Clearwater Revival,1971,0.0
209,Electric Warrior,T Rex,1971,0.0
210,Every Picture Tells A Story,Rod Stewart,1971,0.0
211,Fragile,Yes,1971,0.0
212,Histoire de Melody Nelson,Serge Gainsbourg,1971,0.0
213,If Only I Could Remember My Name,David Crosby,1971,0.0
214,Imagine,John Lennon,1971,0.0
215,LA Woman,The Doors,1971,2911.0
216,Led Zeppelin IV (Four Symbols),Led Zeppelin,1971,2555.0
217,Live With Ginger Baker,Fela Kuti,1971,0.0
218,Madman Across The Water,Elton John,1971,0.0
219,Maggot Brain,Funkadelic,1971,0.0
220,Nilsson Schmilsson,Harry Nilsson,1971,0.0
221,Pearl,Janis Joplin,1971,0.0
222,Pictures at an Exhibition,"Emerson, Lake & Palmer",1971,0.0
223,Shaft,Isaac Hayes,1971,0.0
224,Songs of Love and Hate,Leonard Cohen,1971,0.0
225,Sticky Fingers,The Rolling Stones,1971,0.0
226,Surf's Up,The Beach Boys,1971,0.0
227,Tago Mago,Can,1971,0.0
228,Tapestry,Carole King,1971,0.0
229,Tarkus,"Emerson, Lake & Palmer",1971,0.0
230,Teenage Head,The Flamin' Groovies,1971,0.0
231,The Allman Brothers at Fillmore East,The Allman Brothers,1971,0.0
232,The Yes Album,Yes,1971,0.0
233,There's a Riot Goin' On,Sly & The Family Stone,1971,0.0
234,Trafalgar,The Bee Gees,1971,0.0
235,What's Goin' On,Marvin Gaye,1971,2132.0
236,Who's Next,The Who,1971,0.0
237,All Directions,The Temptations,1972,0.0
238,American Gothic,David Ackles,1972,0.0
239,Can't Buy a Thrill,Steely Dan,1972,2470.0
240,Close to The Edge,Yes,1972,0.0
241,Clube Da Esquina,Milton Nascimento,1972,0.0
242,Exile on Main Street,The Rolling Stones,1972,0.0
243,Harvest,Neil Young,1972,2230.0
244,Home is Where the Music Is,Hugh Masekela,1972,0.0
245,Hunky Dory,David Bowie,1972,0.0
246,John Prine,John Prine,1972,0.0
247,Let's Stay Together,Al Green,1972,0.0
248,Machine Head,Deep Purple,1972,0.0
249,Marcus Garvey,Burning Spear,1972,0.0
250,No.1 Record,Big Star,1972,0.0
251,Paul Simon,Paul Simon,1972,0.0
252,Pink Moon,Nick Drake,1972,0.0
253,Roxy Music,Roxy Music,1972,0.0
254,Sail Away,Randy Newman,1972,0.0
255,School's Out,Alice Cooper,1972,0.0
256,Slayed?,Slade,1972,0.0
257,Something/Anything?,Todd Rundgren,1972,0.0
258,Superfly,Curtis Mayfield,1972,0.0
259,Talking Book,Stevie Wonder,1972,2608.0
260,The Eagles,The Eagles,1972,0.0
261,The Slider,T Rex,1972,0.0
262,The World Is A Ghetto,War,1972,0.0
263,Transformer,Lou Reed,1972,0.0
264,Volume 4,Black Sabbath,1972,0.0
265,White Light,Gene Clark,1972,0.0
266,Will The Circle Be Unbroken,Nitty Gritty Dirt Band,1972,0.0
267,Ziggy Stardust and the Spiders from Mars,David Bowie,1972,0.0
268,3+3,The Isley Bros,1973,0.0
269,"A Wizard, A True Star",Todd Rundgren,1973,0.0
270,Aladdin Sane,David Bowie,1973,0.0
271,Band On The Run,Paul McCartney & Wings,1973,0.0
272,Berlin,Lou Reed,1973,0.0
273,Billion Dollar Babies,Alice Cooper,1973,0.0
274,Bongo Rock,Michael Viner's Incredible Bongo Band,1973,0.0
275,Catch A Fire,Bob Marley & The Wailers,1973,0.0
276,Countdown to Ecstasy,Steely Dan,1973,0.0
277,Dark Side of the Moon,Pink Floyd,1973,2555.0
278,Faust IV,Faust,1973,0.0
279,For Your Pleasure,Roxy Music,1973,0.0
280,Future Days,Can,1973,0.0
281,Goodbye Yellow Brick Road,Elton John,1973,0.0
282,Grevious Angel,Gram Parsons,1973,0.0
283,Honky Tonk Heroes,Waylon Jennings,1973,0.0
284,Larks Tongues In Aspic,King Crimson,1973,0.0
285,Let's Get It On,Marvin Gaye,1973,0.0
286,Made In Japan,Deep Purple,1973,0.0
287,Mott,Mott The Hoople,1973,0.0
288,Next,The Sensational Alex Harvey Band,1973,0.0
289,Innervisions,Stevie Wonder,1973,2655.0
290,Paris 1919,John Cale,1973,0.0
291,Pronounced Leh-nerd Skin-nerd,Lynyrd Skynyrd,1973,0.0
292,Raw Power,Iggy Pop & The Stooges,1973,0.0
293,Selling England by the Pound,Genesis,1973,0.0
294,Solid Air,John Martyn,1973,0.0
295,Space Ritual,Hawkwind,1973,0.0
296,Stephen Stills,Manassas,1973,0.0
297,The New York Dolls,The New York Dolls,1973,0.0
298,Tres Hombres,ZZ Top,1973,0.0
299,Tubular Bells,Mike Oldfield,1973,0.0
300,461 Ocean Boulevard,Eric Clapton,1974,0.0
301,Autobahn,Kraftwerk,1974,0.0
302,Bad Company,Bad Company,1974,2085.0
303,Blood On The Tracks,Bob Dylan,1974,3095.0
304,Country Life,Roxy Music,1974,0.0
305,Court And Spark,Joni Mitchell,1974,2218.0
306,Crime Of The Century,Supertramp,1974,0.0
307,Fullfillingness' First Finale,Stevie Wonder,1974,0.0
308,Good Old Boys,Randy Newman,1974,0.0
309,Headhunters,Herbie Hancock,1974,0.0
310,Here Come the Warm Jets,Brian Eno,1974,0.0
311,I Want To See The Bright Lights Tonight,Richard & Linda Thompson,1974,0.0
312,It's Too Late To Stop Now,Van Morrison,1974,0.0
313,Kimono My House,Sparks,1974,0.0
314,No Other,Gene Clark,1974,0.0
315,On the Beach,Neil Young,1974,0.0
316,Pacific Ocean Blue,Dennis Wilson,1974,0.0
317,Phaedra,Tangerine Dream,1974,0.0
318,Pretzel Logic,Steely Dan,1974,0.0
319,Queen II,Queen,1974,0.0
320,Rock Bottom,Robert Wyatt,1974,0.0
321,Sheer Heart Attack,Queen,1974,0.0
322,Sheet Music,10cc,1974,0.0
323,The Grand Tour,George Jones,1974,0.0
324,The Lamb Lies Down On Broadway,Genesis,1974,0.0
325,Winter in America,Gill Scott-Heron,1974,0.0
326,A Night At The Opera,Queen,1975,0.0
327,Another Green World,Brian Eno,1975,0.0
328,Born to be With You,Dion,1975,0.0
329,Born to Run,Bruce Springsteen,1975,0.0
330,Frampton Comes Alive,Peter Frampton,1975,4620.0
331,Go Girl Crazy,The Dictators,1975,0.0
332,Greetings from LA,Tim Buckley,1975,0.0
333,Horses,Patti Smith,1975,0.0
334,Inspiration Information,Shuggie Otis,1975,0.0
335,Natty Dread,Bob Marley & The Wailers,1975,0.0
336,Neu! 75,Neu!,1975,0.0
337,Nighthawks at the Diner,Tom Waits,1975,0.0
338,Physical Graffiti,Led Zeppelin,1975,4920.0
339,Pieces Of The Sky,Emmylou Harris,1975,0.0
340,Redheaded Stranger,Willie Nelson,1975,0.0
341,Shalimar / College Girl,R.D.Burman / Bappi Lahiri,1975,0.0
342,That's The Way Of The World,"Earth, Wind & Fire",1975,0.0
343,The Hissing of Summer Lawns,Joni Mitchell,1975,0.0
344,The Köln Concert,Keith Jarrett,1975,3960.0
345,There's No Place Like America Today,Curtis Mayfield,1975,0.0
346,Tonight's the Night,Neil Young,1975,0.0
347,Toys in the Attic,Aerosmith,1975,0.0
348,Wish You Were Here,Pink Floyd,1975,2619.0
349,Young Americans,David Bowie,1975,0.0
350,2112,Rush,1976,0.0
351,Africa/Brasil,Jorge Ben,1976,0.0
352,Arrival,Abba,1976,0.0
353,Boston,Boston,1976,0.0
354,Destroyer,Kiss,1976,0.0
355,Hejeira,Joni Mitchell,1976,3115.0
356,Hotel California,The Eagles,1976,0.0
357,Joan Armatrading,Joan Armatrading,1976,0.0
358,Legalize It,Peter Tosh,1976,0.0
359,Mothership Connection,Parliament,1976,0.0
360,Rocks,Aerosmith,1976,0.0
361,Songs in the Key of Life,Stevie Wonder,1976,6300.0
362,Station to Station,David Bowie,1976,0.0
363,The Ramones,The Ramones,1976,0.0
364,Aja,Steely Dan,1977,0.0
365,Before & After Science,Brian Eno,1977,0.0
366,C'est Chic,Chic Manish,1977,0.0
367,Exodus,Bob Marley & The Wailers,1977,0.0
368,Heavy Weather,Weather Report,1977,0.0
369,Heroes,David Bowie,1977,0.0
370,I,Peter Gabriel,1977,0.0
371,Low,David Bowie,1977,0.0
372,Lust for Life,Iggy Pop,1977,0.0
373,Music From The Penguin Cafe Orchestra,The Penguin Cafe Orchestra,1977,0.0
374,My Aim Is True,Elvis Costello,1977,0.0
375,Never Mind The Bollocks…,The Sex Pistols,1977,0.0
376,New Boots & Panties,Ian Dury & the Blockheads,1977,0.0
377,One World,John Martyn,1977,0.0
378,Out Of The Blue,Electric Light Orchestra,1977,0.0
379,Oxygene,Jean Michel-Jarre,1977,0.0
380,Pink Flag,Wire,1977,0.0
381,Rattus Norvegicus,The Stranglers,1977,0.0
382,Rumours,Fleetwood Mac,1977,2398.0
383,Suicide,Suicide,1977,0.0
384,"Talking Heads ""77",Talking Heads,1977,0.0
385,The Clash,The Clash,1977,0.0
386,The Idiot,Iggy Pop,1977,0.0
387,The Modern Dance,Pere Ubu,1977,0.0
388,The Modern Lovers,Jonathan Richman And The Modern Lovers,1977,0.0
389,The Stranger,Billy Joel,1977,0.0
390,Tom Petty & the Heartbreakers,Tom Petty & the Heartbreakers,1977,0.0
391,Trans-Europe Express,Kraftwerk,1977,0.0
392,Zombie,Fela Kuti,1977,0.0
393,All Mod Cons,The Jam,1978,0.0
394,Ambient no.1: Music for Airports,Brian Eno,1978,0.0
395,Another Music In a Different Kitchen,Buzzcocks,1978,0.0
396,At Budokan,Cheap Trick,1978,0.0
397,Bat Out of Hell,Meat Loaf,1978,0.0
398,Darkness on the Edge of Town,Bruce Springsteen,1978,0.0
399,Dire Straits,Dire Straits,1978,0.0
400,DOA,Throbbing Gristle,1978,0.0
401,Dub Housing,Pere Ubu,1978,0.0
402,Duck Stab/Buster & Glen,The Residents,1978,0.0
403,Eternally Yours,The Saints,1978,0.0
404,Germ-Free Adolescents,X-Ray Spex,1978,0.0
405,Hard Again,Muddy Waters,1978,0.0
406,"Here, My Dear",Marvin Gaye,1978,0.0
407,Honky Tonk Masquarade,Joe Ely,1978,0.0
408,Live And Dangerous,Thin Lizzy,1978,0.0
409,Marquee Moon,Television,1978,0.0
410,More Songs About Buildings and Food,Talking Heads,1978,0.0
411,One Nation Under A Groove,Funkadelic,1978,0.0
412,Parallel Lines,Blondie,1978,0.0
413,Public Image,Public Image,1978,0.0
414,Q: Are We Not Men? A: We Are Devo!,Devo,1978,0.0
415,Real Life,Magazine,1978,0.0
416,Siembra,Ruben Blades & Willie Colón,1978,0.0
417,Stardust,Willie Nelson,1978,0.0
418,The Cars,The Cars,1978,0.0
419,The Man Machine,Kraftwerk,1978,0.0
420,The Only Ones,The Only Ones,1978,0.0
421,The Scream,Siouxsie And The Banshees,1978,0.0
422,Third/Sister Lovers,Big Star,1978,0.0
423,This Year's Model,Elvis Costello,1978,0.0
424,tori amos,The Adverts,1978,0.0
425,Van Halen 1,Van Halen,1978,0.0
426,Vento De Maio,Elis Regina,1978,0.0
427,Armed Forces,Elvis Costello,1979,0.0
428,Broken English,Marianne Faithfull,1979,0.0
429,Cut,The Slits,1979,0.0
430,Entertainment!,Gang Of Four,1979,0.0
431,Fear of Music,Talking Heads,1979,0.0
432,GI,Germs,1979,0.0
433,Highway to Hell,AC/DC,1979,0.0
434,Live at the Witch Trials,The Fall,1979,0.0
435,London Calling,The Clash,1979,0.0
436,Machine Gun Etiquette,The Damned,1979,0.0
437,Metal Box/Second Edition,Public Image,1979,0.0
438,Movies,Holger Czukay,1979,0.0
439,Off The Wall,Michael Jackson,1979,0.0
440,Pretenders,Pretenders,1979,0.0
441,Quiet Life,Japan,1979,0.0
442,Regatta De Blanc,The Police,1979,0.0
443,Risqué,Chic,1979,0.0
444,Rust Never Sleeps,Neil Young,1979,0.0
445,Specials,The Specials,1979,0.0
446,Street Life,The Crusaders,1979,0.0
447,The B-52's,The B-52's,1979,0.0
448,The Pleasure Principle,Gary Numan,1979,0.0
449,The Undertones,The Undertones,1979,0.0
450,The Wall,Pink Floyd,1979,4842.0
451,Tusk,Fleetwood Mac,1979,0.0
452,Unknown Pleasures,Joy Division,1979,0.0
453,We Are Family,Sister Sledge,1979,0.0
454,Ace of Spades,Motörhead,1980,0.0
455,Arc Of A Diver,Steve Winwood,1980,0.0
456,Back in Black,AC/DC,1980,2528.0
457,British Steel,Judas Priest,1980,0.0
458,Closer,Joy Division,1980,0.0
459,Crocodiles,Echo & The Bunnymen,1980,0.0
460,Fresh Fruit for Rotting Vegetables,Dead Kennedys,1980,0.0
461,Group Sex,Circle Jerks,1980,0.0
462,Heartattack and Vine,Tom Waits,1980,0.0
463,Hypnotised,The Undertones,1980,0.0
464,III,Peter Gabriel,1980,0.0
465,Iron Maiden,Iron Maiden,1980,0.0
466,Kilimanjaro,Teardrop Explodes,1980,0.0
467,Killing Joke,Killing Joke,1980,0.0
468,Kings Of The Wild Frontier,Adam & The Ants,1980,0.0
469,More Specials,The Specials,1980,0.0
470,Remain in Light,Talking Heads,1980,2403.0
471,Searching for the Young Soul Rebels,Dexys Midnight Runners,1980,0.0
472,Seventeen Seconds,The Cure,1980,0.0
473,Signing Off,UB40,1980,0.0
474,Songs The Lord Taught Us,The Cramps,1980,0.0
475,Sound Affects,The Jam,1980,0.0
476,Underwater Moonlight,The Soft Boys,1980,0.0
477,Beauty And The Beat,Go-Go's,1981,0.0
478,Damaged,Black Flag,1981,0.0
479,Dare,Human League,1981,0.0
480,Fire Of Love,The Gun Club,1981,0.0
481,Juju,Siouxsie And The Banshees,1981,0.0
482,Kollaps,Einsturzende,1981,0.0
483,Mask,Bauhaus,1981,0.0
484,Moving Pictures,Rush,1981,0.0
485,My Life In The Bush Of Ghosts,Brian Eno,1981,0.0
486,No Sleep 'til Hammersmith,Motörhead,1981,0.0
487,Non-Stop Erotic Cabaret,Soft Cell,1981,0.0
488,Penthouse and Pavement,Heaven 17,1981,0.0
489,Talk Talk Talk,Psychedelic Furs,1981,0.0
490,The Poet,Bobbie Womack,1981,0.0
491,The Tom Tom Club,The Tom Tom Club,1981,0.0
492,The Visitors,Abba,1981,0.0
493,Wild Gift,X,1981,0.0
494,1999,Prince,1982,0.0
495,Black Metal,Venom,1982,0.0
496,Imperial Bedroom,Elvis Costello,1982,0.0
497,Junkyard,The Birthday Party,1982,0.0
498,Nebraska,Bruce Springsteen,1982,0.0
499,New Gold Dream,Simple Minds,1982,0.0
500,Number Of The Beast,Iron Maiden,1982,0.0
501,Pelican West,Haircut 100,1982,0.0
502,Pornography,The Cure,1982,0.0
503,Rip It Up,Orange Juice,1982,0.0
504,Rise & Fall,Madness,1982,0.0
505,Sulk,The Associates,1982,0.0
506,The Dreaming,Kate Bush,1982,0.0
507,The Lexicon of Love,ABC,1982,0.0
508,The Message,Grand Master Flash & the Furious Five,1982,0.0
509,The Nightfly,Donald Fagen,1982,0.0
510,Thriller,Michael Jackson,1982,0.0
511,Too Rye-Ay,Dexy's Midnight Runners,1982,0.0
512,Violent Femmes,Violent Femmes,1982,0.0
513,Architecture & Morality,OMD,1983,0.0
514,Back to Mystery City,Hanoi Rocks,1983,0.0
515,Colour By Numbers,Culture Club,1983,0.0
516,Duck Rock,Malcolm McLaren,1983,0.0
517,Eliminator,ZZ Top,1983,0.0
518,Hearts and Bones,Paul Simon,1983,0.0
519,Meat Puppets II,Meat Puppets,1983,0.0
520,Murmur,REM,1983,0.0
521,Out Of Step,Minor Threat,1983,0.0
522,Porcupine,Echo & The Bunnymen,1983,0.0
523,Pyromania,Def Leppard,1983,0.0
524,Rio,Duran Duran,1983,0.0
525,Soul Mining,The The,1983,0.0
526,Sweet Dreams,Eurythmics,1983,0.0
527,Swordfishtrombones,Tom Waits,1983,0.0
528,Synchronicity,The Police,1983,0.0
529,War,U2,1983,0.0
530,1984,Van Halen,1984,0.0
531,A Walk Across The Rooftops,The Blue Nile,1984,0.0
532,Born in the USA,Bruce Springsteen,1984,0.0
533,Café Bleu,Style Council,1984,0.0
534,Diamond Life,Sade,1984,0.0
535,Double Nickels On The Dime,Minutemen,1984,0.0
536,Immigrés,Youssou N'Dour,1984,0.0
537,Let It Be,The Replacements,1984,0.0
538,Ocean Rain,Echo & The Bunnymen,1984,0.0
539,Private Dancer,Tina Turner,1984,0.0
540,Purple Rain,Prince and The Revolution,1984,0.0
541,Rattlesnakes,Lloyd Cole And The Commotions,1984,0.0
542,Run-DMC,Run-DMC,1984,0.0
543,She's So Unusual,Cindy Lauper,1984,0.0
544,Treasure,Cocteau Twins,1984,0.0
545,Welcome to the Pleasuredome,Frankie Goes To Hollywood,1984,0.0
546,Brothers In Arms,Dire Straits,1985,0.0
547,Cupid and Psyche,Scritti Politti,1985,0.0
548,Don't Stand Me Down,Dexys Midnight Runners,1985,0.0
549,Fear and Whiskey,The Mekons,1985,0.0
550,Hounds of Love,Kate Bush,1985,0.0
551,Hunting High And Low,A-Ha,1985,0.0
552,Low Life,New Order,1985,0.0
553,Meat is Murder,The Smiths,1985,0.0
554,Picture Book,Simply Red,1985,0.0
555,Psychocandy,The Jesus & Mary Chain,1985,0.0
556,Rain Dogs,Tom Waits,1985,0.0
557,"Rum, Sodomy and the Lash",The Pogues,1985,0.0
558,Songs from the Big Chair,Tears for Fears,1985,0.0
559,Steve McQueen,Prefab Sprout,1985,0.0
560,Suzanne Vega,Suzanne Vega,1985,0.0
561,This Nation's Saving Grace,The Fall,1985,0.0
562,Water From An Ancient Well,Abdullah Ibrahim,1985,0.0
563,Atomizer,Big Black,1986,0.0
564,Blood and Chocolate,Elvis Costello,1986,0.0
565,EVOL,Sonic Youth,1986,0.0
566,Graceland,Paul Simon,1986,2598.0
567,Guitar Town,Steve Earle,1986,0.0
568,I Against I,Bad Brains,1986,0.0
569,Infected,The The,1986,0.0
570,Last fo the True Believers,Nanci Griffith,1986,0.0
571,Licensed to Ill,Beastie Boys,1986,0.0
572,Master of Puppets,Metallica,1986,0.0
573,Peace Sells... But Who's Buying,Megadeth,1986,0.0
574,Planet Rock: The Album,Afrika Bambaataa,1986,0.0
575,Raising Hell,Run-DMC,1986,0.0
576,Rapture,Anita Baker,1986,0.0
577,Reign in Blood,Slayer,1986,0.0
578,Skylarking,XTC,1986,0.0
579,Slippery When Wet,Bon Jovi,1986,0.0
580,So,Peter Gabriel,1986,0.0
581,Talking With The Taxman About Poetry,Billy Bragg,1986,0.0
582,The Queen is Dead,The Smiths,1986,0.0
583,Throwing Muses,Throwing Muses,1986,0.0
584,Actually,Pet Shop Boys,1987,0.0
585,Among The Living,Anthrax,1987,0.0
586,Appetite for Destruction,Guns N' Roses,1987,0.0
587,Astor Piazzolla,The New Tango (with Gary Burton),1987,0.0
588,Bad,Michael Jackson,1987,0.0
589,Calenture,The Triffids,1987,0.0
590,Colour of Spring,Talk Talk,1987,0.0
591,Darklands,The Jesus & Mary Chain,1987,0.0
592,Document,REM,1987,0.0
593,Electric,The Cult,1987,0.0
594,Faith,George Michael,1987,0.0
595,Floodland,Sisters of Mercy,1987,0.0
596,Hysteria,Def Leppard,1987,0.0
597,Introducing The Hardline,Terence Trent D'Arby,1987,0.0
598,Locust Abortion Technician,Butthole Surfers,1987,0.0
599,Music For The Masses,Depeche Mode,1987,0.0
600,Opus Dei,Laibach,1987,0.0
601,Scum,Napalm Death,1987,0.0
602,Shaka Zulu,Ladysmith Black Mambazo,1987,0.0
603,Sign o' the Times,Prince,1987,0.0
604,Sister,Sonic Youth,1987,0.0
605,Spy Vs Spy,John Zorn,1987,0.0
606,Strangeways Here We Come,The Smiths,1987,0.0
607,The Joshua Tree,U2,1987,0.0
608,Trio,"Emmylou Harris, Lisa Rondstadt, Dolly Parton",1987,0.0
609,Warehouse: Songs & Stories,Hüsker Dü,1987,0.0
610,You're Living All Over Me,Dinosaur Jr,1987,0.0
611,16 Lover's Lane,Go-Betweens,1988,0.0
612,Buenos Noches from a Lonely Room,Dwight Yoakam,1988,0.0
613,Bug,Dinosaur Jr,1988,0.0
614,Bummed,Happy Mondays,1988,0.0
615,California,American Music Club,1988,0.0
616,Daydream Nation,Sonic Youth,1988,0.0
617,Fisherman's Blues,The Waterboys,1988,3277.0
618,I'm Your Man,Leonard Cohen,1988,0.0
619,Idlewild,Everything But the Girl,1988,0.0
620,If I Should Fall from Grace with God,The Pogues,1988,3103.0
621,Isn't Anything,My Bloody Valentine,1988,0.0
622,It Takes a Nation of Millions to Hold Us Back,Public Enemy,1988,0.0
623,Life's Too Good,The Sugarcubes,1988,0.0
624,Nothing's Shocking,Jane's Addiction,1988,0.0
625,Shadowland,k.d. lang,1988,0.0
626,Straight Outta Compton,NWA,1988,0.0
627,Superfuzz Bigmuff,Mudhoney,1988,0.0
628,Surfer Rosa,The Pixies,1988,0.0
629,Tank Battles,Dagmar Krause,1988,0.0
630,The Trinity Sessions,Cowboy Junkies,1988,0.0
631,Tracy Chapman,Tracy Chapman,1988,0.0
632,Truth And Soul,Fishbone,1988,0.0
633,Viva Hate,Morrissey,1988,0.0
634,Vivid,Living Colour,1988,0.0
635,… And Justice For All,Metallica,1988,0.0
636,"33 days, 17:30:00",808 State,1989,0.0
637,All Hail the Queen,Queen Latifah,1989,0.0
638,Club Classics Vol. One,Soul II Soul,1989,0.0
639,Djam Leeli,Baaba Maal & Mansour Seck,1989,0.0
640,Done By the Forces of Nature,Jungle Brothers,1989,0.0
641,Doolittle,The Pixies,1989,0.0
642,Fromohio,Firehose,1989,0.0
643,Green,REM,1989,0.0
644,L'eau Rouge,The Young Gods,1989,0.0
645,Let Love Rule,Lenny Kravitz,1989,0.0
646,Like a Prayer,Madonna,1989,0.0
647,Moss Side Story,Barry Adamson,1989,0.0
648,Nick of Time,Bonnie Raitt,1989,0.0
649,Paul's Boutique,Beastie Boys,1989,0.0
650,Playing with Fire,Spacemen 3,1989,0.0
651,Pump,Aerosmith,1989,0.0
652,Raw Like Sushi,Neneh Cherry,1989,0.0
653,Rhythm Nation 1814,Janet Jackson,1989,0.0
654,Technique,New Order,1989,0.0
655,The Healer,John Lee Hooker,1989,0.0
656,The Real Thing,Faith No More,1989,0.0
657,The Sensual World,Kate Bush,1989,0.0
658,The Stone Roses,The Stone Roses,1989,0.0
659,Three Feet High and Rising,De La Soul,1989,0.0
660,What's That Noise?,Coldcut,1989,0.0
661,AmeriKKKa's Most Wanted,Ice Cube,1990,0.0
662,Behaviour,Pet Shop Boys,1990,0.0
663,Bossanova,The Pixies,1990,0.0
664,Disintegration,The Cure,1990,0.0
665,En-Tact,The Shamen,1990,0.0
666,Fear Of A Black Planet,Public Enemy,1990,0.0
667,Goo,Sonic Youth,1990,0.0
668,Heaven or Las Vegas,Cocteau Twins,1990,0.0
669,I Do Not Want What I Haven't Got,Sinead O'Connor,1990,3069.0
670,Listen Without Prejudice,George Michael,1990,0.0
671,Mama Said Knock You Out,LL Cool J,1990,0.0
672,Nowhere,Ride,1990,0.0
673,People's Instinctive Paths,A Tribe Called Quest,1990,0.0
674,Pills 'n' Thrills 'n' Bellyaches,Happy Mondays,1990,0.0
675,Ragged Glory,Neil Young,1990,0.0
676,Repeater,Fugazi,1990,0.0
677,Ritual De Lo Habitual,Jane's Addiction,1990,0.0
678,Rust In Peace,Megadeth,1990,0.0
679,Sex Packets,Digital Underground,1990,0.0
680,Shake Your Money Maker,The Black Crowes,1990,0.0
681,The La's,The La's,1990,0.0
682,The White Room,KLF,1990,0.0
683,Violator,Depeche Mode,1990,0.0
684,World Clique,Deee-Lite,1990,0.0
685,Achtung Baby,U2,1991,0.0
686,Apocalypse '91 … The Enemy Strikes Black,Public Enemy,1991,0.0
687,Arise,Sepultura,1991,0.0
688,Bandwagonesque,Teenage Fanclub,1991,0.0
689,Blood Sugar Sex Magik,Red Hot Chili Peppers,1991,4436.0
690,Blue Lines,Massive Attack,1991,0.0
691,Cypress Hill,Cypress Hill,1991,0.0
692,Every Good Boy Deserves Fudge,Mudhoney,1991,0.0
693,Foxbase Alpha,Saint Etienne,1991,0.0
694,Haut de Gamme–Koweit Rive Gauche,Koffi Olomide,1991,0.0
695,Loveless,My Bloody Valentine,1991,0.0
696,Metallica,Metallica,1991,0.0
697,Nevermind,Nirvana,1991,2556.0
698,O.G. Original Gangster,Ice-T,1991,0.0
699,Peggy Suicide,Julian Cope,1991,0.0
700,Rising Above Bedlam,Jah Wobble And the Invaders of the Heart,1991,0.0
701,Screamadelica,Primal Scream,1991,0.0
702,Spiderland,Slint,1991,0.0
703,Step in the Arena,Gang Starr,1991,0.0
704,The Low End Theory,A Tribe Called Quest,1991,0.0
705,Woodface,Crowded House,1991,0.0
706,A Vulgar Display Of Power,Pantera,1992,0.0
707,Automatic for the People,REM,1992,0.0
708,Bizarre Ride II The Pharcyde,The Pharcyde,1992,0.0
709,Bone Machine,Tom Waits,1992,0.0
710,Connected,Stereo MC's,1992,0.0
711,Copper Blue,Sugar,1992,0.0
712,Devotional Songs,Nusrat Fateh Ali Khan & Party,1992,0.0
713,Dirt,Alice in Chains,1992,0.0
714,Dirty,Sonic Youth,1992,0.0
715,Dry,P.J. Harvey,1992,0.0
716,Henry's Dream,Nick Cave & the Bad Seeds,1992,0.0
717,Hiphoprisy Is The Greatest Luxury,Disposable Heroes of Hiphoprisy,1992,0.0
718,Ingénue,k.d. lang,1992,0.0
719,It's A Shame About Ray,The Lemonheads,1992,0.0
720,Lam Toro,Baaba Maal,1992,0.0
721,Lazer Guided Melodies,Spiritualized,1992,0.0
722,Little Earthquakes,Tori Amos,1992,0.0
723,Psalm 69,Ministry,1992,0.0
724,Selected Ambient Works '85–'92,Aphex Twin,1992,0.0
725,Ten,Pearl Jam,1992,0.0
726,"Three Years, Five Months, And Two Days In The Life Of...",Arrested Development,1992,0.0
727,Your Arsenal,Morrissey,1992,0.0
728,Aimee Mann,Whatever,1993,0.0
729,Bubble & Scrape,Sebadoh,1993,0.0
730,Debut,Björk,1993,0.0
731,Doggy Style,Snoop Doggy Dogg,1993,0.0
732,Emergency on Planet Earth,Jamiroquai,1993,0.0
733,Enter The Wu-Tang,Wu-Tang Clan,1993,0.0
734,Fuzzy,Grant Lee Buffalo,1993,0.0
735,Gentleman,The Afghan Whigs,1993,0.0
736,Giant Steps,The Boo Radleys,1993,0.0
737,In Utero,Nirvana,1993,2483.0
738,Modern Life is Rubbish,Blur,1993,0.0
739,New Wave,Auteurs,1993,0.0
740,Orbital II,Orbital,1993,0.0
741,Qui Seme Le Vent Recolte Le Tempo,MC Solar,1993,0.0
742,Rage Against The Machine,Rage Against The Machine,1993,0.0
743,Rid Of Me,P.J. Harvey,1993,0.0
744,Siamese Dream,Smashing Pumpkins,1993,0.0
745,Slanted And Enchanted,Pavement,1993,0.0
746,Strange Cargo III,William Orbit,1993,0.0
747,Suede,Suede,1993,0.0
748,The Chronic,Dr Dre,1993,0.0
749,The Infotainment Scan,The Fall,1993,0.0
750,The Predator,Ice Cube,1993,0.0
751,Tuesday Night Music Club,Sheryl Crow,1993,0.0
752,Venus Luxure No1 Baby,Girls Against Boys,1993,0.0
753,Very,Pet Shops Boys,1993,0.0
754,Wild Wood,Paul Weller,1993,0.0
755,Brutal Youth,Elvis Costello,1994,0.0
756,"Crooked Rain, Crooked Rain",Pavement,1994,0.0
757,Definitely Maybe,Oasis,1994,0.0
758,Dog Man Star,Suede,1994,0.0
759,Dookie,Green Day,1994,0.0
760,Dummy,Portishead,1994,0.0
761,Exile in Guyville,Liz Phair,1994,0.0
762,G Love & Special Sauce,G Love & Special Sauce,1994,0.0
763,Haunted Dancehall,Sabres Of Paradise,1994,0.0
764,Ill Communication,Beastie Boys,1994,0.0
765,Illmatic,Nas,1994,0.0
766,Live Through This,Hole,1994,0.0
767,Me Against the World,Tupac Shakur,1994,0.0
768,Music for the Jilted Generation,Prodigy,1994,0.0
769,Parklife,Blur,1994,0.0
770,Protection,Massive Attack,1994,0.0
771,Ready to Die,Notorious B.I.G.,1994,0.0
772,Smash,Offspring,1994,0.0
773,Snivilisation,Orbital,1994,0.0
774,Superunknown,Soundgarden,1994,0.0
775,Talking Timbuktu,Ali Farka Toure with Ry Cooder,1994,3599.0
776,Teenager of the Year,Frank Black,1994,0.0
777,The Downward Spiral,Nine Inch Nails,1994,0.0
778,The Holy Bible,The Manic Street Preachers,1994,0.0
779,The Sun Rises In The East,Jeru The Damaja,1994,0.0
780,Tical,Method Man,1994,0.0
781,Unplugged,Nirvana,1994,0.0
782,Vauxhall and I,Morrissey,1994,0.0
783,Yank Crime,Drive Like Jehu,1994,0.0
784,(What's The Story) Morning Glory?,Oasis,1995,0.0
785,A Northern Soul,The Verve,1995,0.0
786,Alien Lanes,Guided By Voices,1995,0.0
787,Brown Sugar,D'Angelo,1995,0.0
788,CrazySexyCool,TLC,1995,0.0
789,Different Class,Pulp,1995,0.0
790,Elastica,Elastica,1995,0.0
791,Exit Planet Dust,The Chemical Brothers,1995,0.0
792,Femi Kuti,Femi Kuti,1995,0.0
793,Foo Fighters,Foo Fighters,1995,0.0
794,Garbage,Garbage,1995,0.0
795,Grace,Jeff Buckley,1995,3108.0
796,I Should Coco,Supergrass,1995,0.0
797,Jagged Little Pill,Alanis Morissette,1995,0.0
798,Leftism,Leftfield,1995,0.0
799,Liquid Swords,Genius/GZA,1995,0.0
800,Maxinquaye,Tricky,1995,0.0
801,Mellon Collie and the Infinite Sadness,Smashing Pumpkins,1995,0.0
802,Only Built 4 Cuban Linx,Raekwon,1995,0.0
803,"Scream, Dracula, Scream!",Rocket From The Crypt,1995,0.0
804,Smoker's Delight,Nightmares on Wax,1995,0.0
805,The Bends,Radiohead,1995,0.0
806,Timeless,Goldie,1995,0.0
807,1977,Ash,1996,0.0
808,Antichrist Superstar,Marilyn Manson,1996,0.0
809,Beautiful Freak,The Eels,1996,0.0
810,Being There,Wilco,1996,0.0
811,Better Living Through Chemistry,Fatboy Slim,1996,0.0
812,Casanova,The Divine Comedy,1996,0.0
813,Come Find Yourself,The Fun Lovin' Criminals,1996,0.0
814,Dr Octagonecologyst,Dr Octagon,1996,0.0
815,Dust,Screaming Trees,1996,0.0
816,Emperor Tomato Ketchup,Stereolab,1996,0.0
817,Endtroducing...,DJ Shadow,1996,0.0
818,Everything Must Go,The Manic Street Preachers,1996,0.0
819,First Band On The Moon,The Cardigans,1996,0.0
820,Fuzzy Logic,Super Furry Animals,1996,0.0
821,If You're Feeling Sinister,Belle & Sebastian,1996,0.0
822,Logical Progression,LTJ Bukem,1996,0.0
823,Maxwell's Urban Hang Suite,Maxwell,1996,0.0
824,Millions Now Living Will Never Die,Tortoise,1996,0.0
825,Murder Ballads,Nick Cave & the Bad Seeds,1996,0.0
826,Now I Got Worry,Jon Spencer Blues Explosion,1996,0.0
827,Odelay,Beck,1996,0.0
828,Oedipus Schmoedipus,Barry Adamson,1996,0.0
829,Roots,Sepultura,1996,0.0
830,Second Toughest in the Infants,Underworld,1996,0.0
831,Tellin' Stories,The Charlatans,1996,0.0
832,The Score,The Fugees,1996,0.0
833,Tidal,Fiona Apple,1996,0.0
834,Tigermilk,Belle & Sebastian,1996,0.0
835,Walking Wounded,Everything But the Girl,1996,0.0
836,A Short Album About Love,The Divine Comedy,1997,0.0
837,Blur,Blur,1997,0.0
838,Buena Vista Social Club,Buena Vista Social Club,1997,3612.0
839,Butterfly,Mariah Carey,1997,0.0
840,Dig Me Out,Sleater-Kinney,1997,0.0
841,Dig Your Own Hole,The Chemical Brothers,1997,0.0
842,Either/Or,Elliott Smith,1997,0.0
843,Homework,Daft Punk,1997,0.0
844,In It For The Money,Supergrass,1997,0.0
845,"Ladies And Gentlemen, We Are Floating in Space",Spiritualized,1997,0.0
846,Let's Get Killed,David Holmes,1997,0.0
847,Life Thru A Lens,Robbie Williams,1997,0.0
848,Maverick A Strike,Finlay Quaye,1997,0.0
849,New Forms,Roni Size/Reprazent,1997,0.0
850,OK Computer,Radiohead,1997,3201.0
851,Schleep,Robert Wyatt,1997,0.0
852,Supa Dupa Fly,Missy Elliott,1997,0.0
853,The Boatman's Call,Nick Cave and the Bad Seeds,1997,0.0
854,The Fat of the Land,Prodigy,1997,0.0
855,Time Out of Mind,Bob Dylan,1997,0.0
856,Urban Hymns,The Verve,1997,0.0
857,Vanishing Point,Primal Scream,1997,0.0
858,When I Was Born For The 7th Time,Cornershop,1997,0.0
859,Apocalypse Dudes,Turbonegro,1998,0.0
860,Bob Dylan Live 1966 ('Royal Albert Hall' Bootleg),Bob Dylan,1998,0.0
861,Car Wheels On A Gravel Road,Lucinda Williams,1998,0.0
862,Celebrity Skin,Hole,1998,0.0
863,Clandestino,Manu Chao,1998,0.0
864,Deserter's Songs,Mercury Rev,1998,0.0
865,Devil Without A Cause,Kid Rock,1998,0.0
866,Follow the Leader,Korn,1998,0.0
867,I See A Darkness,Bonnie 'Prince' Billy,1998,0.0
868,Kenza,Khaled,1998,0.0
869,Mermaid Avenue,Billy Bragg/Wilco,1998,0.0
870,Moon Safari,Air,1998,0.0
871,Music Has the Right to Children,Boards of Canada,1998,0.0
872,OK,Talvin Singh,1998,0.0
873,Queens Of The Stone Age,Queens Of The Stone Age,1998,0.0
874,Ray of Light,Madonna,1998,0.0
875,System Of A Down,System Of A Down,1998,0.0
876,The Miseducation Of Lauryn Hill,Lauryn Hill,1998,0.0
877,This is Hardcore,Pulp,1998,0.0
878,White Ladder,David Gray,1998,3157.0
879,"You've Come a Long Way, Baby",Fatboy Slim,1998,0.0
880,69 Love Songs,The Magnetic Fields,1999,0.0
881,Agaetis Byrjun,Sigur Ros,1999,0.0
882,Apple Venus Vol. 1,XTC,1999,0.0
883,Beyond Skin,Nitin Sawhney,1999,0.0
884,Californication,Red Hot Chili Peppers,1999,3384.0
885,Central Reservation,Beth Orton,1999,0.0
886,Darkdancer,Les Rhythmes Digitales,1999,0.0
887,HMS Fable,Shack,1999,0.0
888,Le Tigre,Le Tigre,1999,0.0
889,Make Yourself,Incubus,1999,0.0
890,Play,Moby,1999,3798.0
891,Remedy,Basement Jaxx,1999,0.0
892,S&M,Metallica,1999,0.0
893,Slipknot,Slipknot,1999,0.0
894,The Contino Sessions,Death in Vegas,1999,0.0
895,The Man Who,Travis,1999,0.0
896,The Slim Shady LP,Eminem,1999,0.0
897,The Soft Bulletin,Flaming Lips,1999,0.0
898,All That You Can't Leave Behind,U2,2000,0.0
899,Felt Mountain,Goldfrapp,2000,0.0
900,Figure 8,Elliott Smith,2000,0.0
901,Heartbreaker,Ryan Adams,2000,0.0
902,Kid A,Radiohead,2000,2996.0
903,Like Water For Chocolate,Common,2000,0.0
904,Lost Souls,The Doves,2000,0.0
905,Mama's Gun,Erykah Badu,2000,0.0
906,Nixon,Lambchop,2000,0.0
907,Parachutes,Coldplay,2000,0.0
908,Punishing Kiss,Ute Lemper,2000,0.0
909,Red Dirt Girl,Emmylou Harris,2000,0.0
910,Since I Left You,The Avalanches,2000,0.0
911,Stankonia,Outkast,2000,0.0
912,"Stories From The City, Stories From The Sea",PJ Harvey,2000,0.0
913,Tanto Tempo,Bebel Gilberto,2000,0.0
914,The Hour Of Bewilderbeast,Badly Drawn Boy,2000,0.0
915,The Marshall Mathers LP,Eminem,2000,0.0
916,The Virgin Suicides,Air,2000,0.0
917,Welcome to the Aftterfuture,Mike Ladd,2000,0.0
918,Bright Flight,Silver Jews,2001,0.0
919,Gold,Ryan Adams,2001,0.0
920,Is This It,The Strokes,2001,0.0
921,La Revancha del Tango,Gotan Project,2001,0.0
922,Melody A.M.,Royksopp,2001,0.0
923,Rings Around the World,Super Furry Animals,2001,0.0
924,Southern Rock Opera,Drive-By Truckers,2001,0.0
925,The Blueprint,Jay-Z,2001,0.0
926,Time (The Revelator),Gillian Welch,2001,0.0
927,Vespertine,Björk,2001,0.0
928,White Blood Cells,The White Stripes,2001,2425.0
929,A Rush of Blood to the Head,Coldplay,2002,3248.0
930,Come Away With Me,Norah Jones,2002,0.0
931,Yankee Hotel Foxtrot,Wilco,2002,0.0
932,Phrenology,The Roots,2002,0.0
933,Power in Numbers,Jurassic 5,2002,0.0
934,Sea Change,Beck,2002,0.0
935,The Last Broadcast,The Doves,2002,0.0
936,The Rising,Bruce Springsteen,2002,0.0
937,Under Construction,Missy Elliott,2002,0.0
938,Yoshimi Battles the Pink Robots,The Flaming Lips,2002,0.0
939,Boy in da Corner,Dizzee Rascal,2003,0.0
940,De-loused at the Crematorium,The Mars Volta,2003,0.0
941,Elephant,The White Stripes,2003,2996.0
942,Fever To Tell,Yeah Yeah Yeahs,2003,0.0
943,Speakerboxxx/The Love Below,Outkast,2003,0.0
944,A Grand Don't Come For Free,The Streets,2004,0.0
945,Abattoir Blues/The Lyre Of Orpheus,Nick Cave And The Bad Seeds,2004,0.0
946,American Idiot,Green Day,2004,0.0
947,Cee-Lo Green Is The Soul Machine,Cee-Lo,2004,0.0
948,Destroy Rock & Roll,Mylo,2004,0.0
949,Franz Ferdinand,Franz Ferdinand,2004,2329.0
950,Funeral,Arcade Fire,2004,0.0
951,Rejoicing in the Hands,Devendra Banhart,2004,0.0
952,The College Dropout,Kanye West,2004,0.0
953,Want Two,Rufus Wainwright,2004,0.0
954,Be,Common,2005,0.0
955,Cole's Cornes,Richard Hawley,2005,0.0
956,Illinois,Sufjan Stevens,2005,0.0
957,Back to Black,Amy Winehouse,2006,0.0
958,Fishscale,Ghostface Killah,2006,0.0
959,Food & Liqour,Lupe Fiasco,2006,0.0
960,Savane,Ali Farka Touré,2006,0.0
961,Whatever People Say I Am,Arctic Monkeys,2006,0.0
962,Ys,Joanna Newsom,2006,0.0
963,Cross,Justice,2007,0.0
964,In Rainbows,Radiohead,2007,0.0
965,Kala,MIA,2007,0.0
966,The Sound of Silver,LCD Soundsystem,2007,0.0
967,Dear Science,TV on the Radio,2008,0.0
968,Fleet Foxes,Fleet Foxes,2008,0.0
969,The Seldom Seen Kid,Elbow,2008,0.0
970,The Renaissance,Q-Tip,2008,0.0
971,Third,Portishead,2008,0.0
972,It's Blitz,Yeah Yeah Yeahs,2009,0.0
973,Merriweather Post Pavilion,Animal Collective,2009,0.0
974,Two Dancers,Wild Beasts,2009,0.0
975,xx,The xx,2009,0.0
976,Brothers,The Black Keys,2010,0.0
977,Halcyon Digest,Deerhunter,2010,0.0
978,My Beautiful Dark Twisted Fantasy,Kanye West,2010,0.0
979,Queen of Denmark,John Grant,2010,0.0
980,Teen Dream,Beach House,2010,0.0
981,The ArchAndroid,Janelle Monae,2010,0.0
982,Let England Shake,P.J Harvey,2011,
983,White Denim,D,2011,
984,"good kid, m.A.A.d city",Kendrick Lamar,2012,
985,In Our Heads,Hot Chip,2012,
986,Channel Orange,Frank Ocean,2012,
987,Blunderbuss,Jack White,2012,
988,Django Django,Django Django,2012,
989,m b v,My Bloody Valentine,2013,
990,Yeezus,Kanye West,2013,
991,The Next Day,David Bowie,2013,
992,The Bones Of What You Believe,Chvrches,2013,
993,Beyoncé,Beyoncé,2013,
994,1989,Taylor Swift,2014,
995,LP1,FKA Twigs,2014,
996,Lost in the Dreams,The War on Drugs,2014,
997,25,Adele,2015,
998,Vulnicura,Bjork,2015,
999,Music in Exile,Songhoy Blues,2015,
1000,Blackstar,David Bowie,2016,
